mean_fit_time,std_fit_time,mean_score_time,std_score_time,param_max_depth,param_max_features,param_min_samples_leaf,param_min_samples_split,param_n_estimators,params,split0_test_score,split1_test_score,split2_test_score,mean_test_score,std_test_score,rank_test_score,split0_train_score,split1_train_score,split2_train_score,mean_train_score,std_train_score
1.3400344848632812,0.03548375834411191,2.1551016171773276,0.21301399965417753,20,sqrt,3,10,100,"{'max_depth': 20, 'max_features': 'sqrt', 'min_samples_leaf': 3, 'min_samples_split': 10, 'n_estimators': 100}",0.4442314895235079,0.4507784070954499,0.4579194607418219,0.45097645245359325,0.0055898452865447415,39,0.5632285014727445,0.5498774133272413,0.5422926626215043,0.5517995258071634,0.00865441022024334
2.6172587076822915,0.5509675190946471,5.343502680460612,0.23944240811017134,20,sqrt,3,10,200,"{'max_depth': 20, 'max_features': 'sqrt', 'min_samples_leaf': 3, 'min_samples_split': 10, 'n_estimators': 200}",0.4433757843533268,0.44862048657308473,0.46018117450227214,0.45072581514289456,0.007020426900823545,40,0.5600661317534199,0.5464605501188402,0.545308331400407,0.550611671090889,0.006701841627905202
7.386769771575928,0.23515278744608314,1.1281697750091553,0.19705033213453077,20,sqrt,3,10,300,"{'max_depth': 20, 'max_features': 'sqrt', 'min_samples_leaf': 3, 'min_samples_split': 10, 'n_estimators': 300}",0.4432866316838151,0.4504903035079686,0.4610296952958878,0.45160221016255714,0.007286120544885465,37,0.5587845052425148,0.5488659083973144,0.5474727807914714,0.5517077314771002,0.005036251670087277
1.5548235575358074,0.4032393445066061,3.0088935693105063,1.99132203838627,20,sqrt,3,13,100,"{'max_depth': 20, 'max_features': 'sqrt', 'min_samples_leaf': 3, 'min_samples_split': 13, 'n_estimators': 100}",0.4418590092624992,0.446507672258015,0.4545675823554829,0.4476447546253324,0.005250185694968336,56,0.5492812250014985,0.535128992867945,0.5303958896532724,0.538268702507572,0.008023187449287782
5.907086213429769,1.044513070972624,2.287426789601644,0.9667105932756233,20,sqrt,3,13,200,"{'max_depth': 20, 'max_features': 'sqrt', 'min_samples_leaf': 3, 'min_samples_split': 13, 'n_estimators': 200}",0.44049524933076056,0.4465193352302468,0.4571114819838329,0.44804202218161343,0.006868465552030935,54,0.5464296409326268,0.5363161959096497,0.5326413012908972,0.5384623793777245,0.005830046033431846
7.820033470789592,0.26684542512217907,0.7284407615661621,0.11661787557251083,20,sqrt,3,13,300,"{'max_depth': 20, 'max_features': 'sqrt', 'min_samples_leaf': 3, 'min_samples_split': 13, 'n_estimators': 300}",0.4394020325054031,0.4478517336650263,0.4566638360719748,0.4479725340808014,0.0070476194632450384,55,0.5446691765526425,0.5377982256805822,0.5323620015148827,0.5382764679160358,0.005035750594786785
3.4058212439219155,1.4891932053523846,3.1712356408437095,0.615965351525154,20,sqrt,3,15,100,"{'max_depth': 20, 'max_features': 'sqrt', 'min_samples_leaf': 3, 'min_samples_split': 15, 'n_estimators': 100}",0.4398980376095052,0.44378007064713865,0.45526495381289533,0.44631435402317976,0.006524439826430173,66,0.5417963247216647,0.5284681818596226,0.5255771254628998,0.5319472106813957,0.007063678801017969
3.3324947357177734,0.1402859444457492,4.323104699452718,0.30130892972651013,20,sqrt,3,15,200,"{'max_depth': 20, 'max_features': 'sqrt', 'min_samples_leaf': 3, 'min_samples_split': 15, 'n_estimators': 200}",0.44074153133262606,0.4438503891265221,0.45667631849773493,0.4470894129856277,0.006896753688957397,62,0.5435476288385725,0.5286865816144484,0.5283620039856313,0.5335320714795507,0.007083308058065066
5.547072887420654,1.1424316964716459,2.844890276590983,1.0577281920671595,20,sqrt,3,15,300,"{'max_depth': 20, 'max_features': 'sqrt', 'min_samples_leaf': 3, 'min_samples_split': 15, 'n_estimators': 300}",0.4392807051627512,0.44449957426877595,0.4564628626849352,0.44674771403882074,0.0071924605710205975,63,0.5406897215695747,0.5289491590531612,0.5282356491383295,0.5326248432536885,0.005710164667046526
3.2752575079600015,0.7699752321608325,3.904484510421753,0.1135763670487285,20,sqrt,4,10,100,"{'max_depth': 20, 'max_features': 'sqrt', 'min_samples_leaf': 4, 'min_samples_split': 10, 'n_estimators': 100}",0.43467101253761187,0.44105412805900457,0.44828916225335214,0.44133810094998954,0.005563211355095182,85,0.5372280694212261,0.5258675400208543,0.5205050305255478,0.5278668799892094,0.006971992910131679
4.827790975570679,1.0519140832382405,3.0147523880004883,1.0118160743355291,20,sqrt,4,10,200,"{'max_depth': 20, 'max_features': 'sqrt', 'min_samples_leaf': 4, 'min_samples_split': 10, 'n_estimators': 200}",0.43506247586428703,0.4410512286252676,0.4499769653694168,0.4420302232863238,0.0061280405900221635,84,0.5378070077081067,0.5261931934705047,0.5224174911002495,0.528805897426287,0.0065487389028371324
7.458635648091634,0.08077162453842265,0.7119018236796061,0.07506131787453867,20,sqrt,4,10,300,"{'max_depth': 20, 'max_features': 'sqrt', 'min_samples_leaf': 4, 'min_samples_split': 10, 'n_estimators': 300}",0.4347442984474593,0.44228466527437627,0.45097738572859636,0.44266878315014396,0.0066326938004663185,82,0.5361879858328528,0.527885983442535,0.5233763351094818,0.5291501014616232,0.0053061658686884014
5.769787549972534,0.06772350518593653,1.6731334527333577,0.17704161046900932,20,sqrt,4,13,100,"{'max_depth': 20, 'max_features': 'sqrt', 'min_samples_leaf': 4, 'min_samples_split': 13, 'n_estimators': 100}",0.4350535704532932,0.4396804266438743,0.451756553935562,0.4421635170109098,0.00704138800854798,83,0.5332895673226508,0.5210819825242832,0.5200625553612893,0.524811368402741,0.006009420417385282
3.752694845199585,1.7817266922269328,2.3260947863260903,1.6932605365930988,20,sqrt,4,13,200,"{'max_depth': 20, 'max_features': 'sqrt', 'min_samples_leaf': 4, 'min_samples_split': 13, 'n_estimators': 200}",0.43571513601851164,0.43884893741389697,0.4537501227218891,0.44277139871809923,0.00786784440449324,80,0.5328131591951426,0.5189218325274523,0.5201811436313666,0.5239720451179871,0.006272715504897257
3.900923728942871,0.427358425398985,4.005012591679891,0.07207871763248197,20,sqrt,4,13,300,"{'max_depth': 20, 'max_features': 'sqrt', 'min_samples_leaf': 4, 'min_samples_split': 13, 'n_estimators': 300}",0.43478992121358484,0.43992814681207093,0.45355680166291856,0.4427582898961915,0.007918595534451062,81,0.5310358843005993,0.5204941601235633,0.5200562080106688,0.5238620841449438,0.005075792681493845
1.8919382095336914,0.52500797107157,4.623828728993733,0.11254739641119713,20,sqrt,4,15,100,"{'max_depth': 20, 'max_features': 'sqrt', 'min_samples_leaf': 4, 'min_samples_split': 15, 'n_estimators': 100}",0.43100612678410566,0.43764857133027846,0.4466958701833107,0.4384501894325649,0.0064303424309886505,90,0.52692330338285,0.5151950048074004,0.5070001074738784,0.5163728052213763,0.008176137807391586
5.073338349660237,0.4819966599498001,2.8348240852355957,0.48147132914660673,20,sqrt,4,15,200,"{'max_depth': 20, 'max_features': 'sqrt', 'min_samples_leaf': 4, 'min_samples_split': 15, 'n_estimators': 200}",0.4310421067007033,0.43840769641231025,0.4517942161624151,0.44041467309180954,0.00859005154512116,87,0.5243521807726499,0.5151014417504998,0.5132338695146639,0.5175624973459378,0.004861193769040854
6.406596342722575,0.7128686866147794,1.5554738839467366,0.6512352751700697,20,sqrt,4,15,300,"{'max_depth': 20, 'max_features': 'sqrt', 'min_samples_leaf': 4, 'min_samples_split': 15, 'n_estimators': 300}",0.4302402195498872,0.4381330119302712,0.4511475266209106,0.43984025270035637,0.008620320006658565,89,0.5222332032222545,0.5151409350562347,0.5125456620097045,0.516639933429398,0.004094497183478752
5.18257196744283,0.5236110956498753,2.181661049524943,0.5506864001320022,20,sqrt,5,10,100,"{'max_depth': 20, 'max_features': 'sqrt', 'min_samples_leaf': 5, 'min_samples_split': 10, 'n_estimators': 100}",0.43170976486060586,0.4361995950772063,0.44278244264556244,0.43689726752779157,0.004547241542488289,92,0.525281222493269,0.5105629030181985,0.502509704927069,0.5127846101461788,0.009428237374639643
6.123740355173747,0.29935229176452427,0.9005502065022787,0.0749540093127561,20,sqrt,5,10,200,"{'max_depth': 20, 'max_features': 'sqrt', 'min_samples_leaf': 5, 'min_samples_split': 10, 'n_estimators': 200}",0.431693082144613,0.4365073028875167,0.44419144385897724,0.43746394296370233,0.0051470788843313705,91,0.524257792546293,0.5110771099190541,0.5049987609135501,0.5134445544596323,0.00803870512364122
4.0434489250183105,1.255819417954023,3.25072979927063,0.564234747700282,20,sqrt,5,10,300,"{'max_depth': 20, 'max_features': 'sqrt', 'min_samples_leaf': 5, 'min_samples_split': 10, 'n_estimators': 300}",0.4312439870900716,0.43415212880680754,0.4449902059652078,0.4367954406206957,0.005914950343542919,93,0.5232882774620851,0.5085936592865659,0.5061677807654825,0.5126832391713778,0.007564009056502975
1.8506657282511394,0.05447324995997058,4.037767966588338,0.7250460571410939,20,sqrt,5,13,100,"{'max_depth': 20, 'max_features': 'sqrt', 'min_samples_leaf': 5, 'min_samples_split': 13, 'n_estimators': 100}",0.4326804169095102,0.4330935994018005,0.4430763495498742,0.43628345528706164,0.0048062625321759565,95,0.5253970034302564,0.5049184716282573,0.5001829049169348,0.5101661266584828,0.010942001750047378
4.172729571660359,0.8738676778498355,3.251164118448893,0.39237284641983405,20,sqrt,5,13,200,"{'max_depth': 20, 'max_features': 'sqrt', 'min_samples_leaf': 5, 'min_samples_split': 13, 'n_estimators': 200}",0.43083623851871267,0.4344160910138074,0.44459119449416484,0.436614508008895,0.005826633186490821,94,0.5212180793453096,0.5083812087511679,0.5020619628000762,0.5105537502988512,0.007969908107205466
6.322933117548625,0.3719783610896834,1.7904565334320068,0.08276894458142113,20,sqrt,5,13,300,"{'max_depth': 20, 'max_features': 'sqrt', 'min_samples_leaf': 5, 'min_samples_split': 13, 'n_estimators': 300}",0.42900855575464425,0.43461723384830386,0.4448441698078901,0.43615665313694607,0.006555863885129715,96,0.5178573979938554,0.5083713783054212,0.5027981205768108,0.5096756322920292,0.00621671231048826
4.646172682444255,0.32147133577176606,2.6690587202707925,0.43528401886508145,20,sqrt,5,15,100,"{'max_depth': 20, 'max_features': 'sqrt', 'min_samples_leaf': 5, 'min_samples_split': 15, 'n_estimators': 100}",0.4293974382817718,0.4354953174711502,0.44318843682751397,0.4360270641934787,0.005642692983242189,97,0.516298732943893,0.5082451915016658,0.49831342552426117,0.5076191166566066,0.007355804874536273
5.536725997924805,0.7004472115115119,1.7108017603556316,0.7361047895864883,20,sqrt,5,15,200,"{'max_depth': 20, 'max_features': 'sqrt', 'min_samples_leaf': 5, 'min_samples_split': 15, 'n_estimators': 200}",0.42797436393286414,0.4322283895410324,0.44384858153520823,0.43468377833636823,0.006709167694224495,101,0.514474136018245,0.5031628074472194,0.4976121171076461,0.5050830201910368,0.0070165201808060525
5.3956708908081055,1.66567091561765,1.7676746050516765,1.3977104137048784,20,sqrt,5,15,300,"{'max_depth': 20, 'max_features': 'sqrt', 'min_samples_leaf': 5, 'min_samples_split': 15, 'n_estimators': 300}",0.4275416957736241,0.43269664056766777,0.44384969701309174,0.4346960111181279,0.006806165736798499,100,0.5134350990477722,0.5032226025059279,0.4979921892710323,0.5048832969415774,0.006412970975534937
1.606440544128418,0.21640948838783983,3.30619740486145,0.28952829188334794,20,log2,3,10,100,"{'max_depth': 20, 'max_features': 'log2', 'min_samples_leaf': 3, 'min_samples_split': 10, 'n_estimators': 100}",0.4237125216540476,0.42239904209233536,0.43630539038147365,0.4274723180426189,0.006268901144929095,118,0.5248632114693236,0.5070258721154015,0.5097399448010693,0.5138763427952647,0.007847505339555687
2.7081188360850015,0.45429275550876835,3.895190715789795,0.12255315898613026,20,log2,3,10,200,"{'max_depth': 20, 'max_features': 'log2', 'min_samples_leaf': 3, 'min_samples_split': 10, 'n_estimators': 200}",0.4206915885134731,0.42128671618050373,0.43671293316553905,0.42623041261983863,0.007416242174142283,119,0.5200547271834284,0.5060535845629428,0.5086907037530142,0.5115996718331285,0.006074787795368505
5.319287061691284,0.10479037382011375,1.9324193795522053,0.07852315418328075,20,log2,3,10,300,"{'max_depth': 20, 'max_features': 'log2', 'min_samples_leaf': 3, 'min_samples_split': 10, 'n_estimators': 300}",0.4187931461462653,0.4193511985567576,0.43460144377999677,0.4242485961610066,0.007324112960613388,121,0.5182450071055136,0.5028149025329026,0.5064749039510151,0.5091782711964772,0.006582966789541268
2.8757201035817466,0.480039739535474,3.6109672387441,0.2528960192480063,20,log2,3,13,100,"{'max_depth': 20, 'max_features': 'log2', 'min_samples_leaf': 3, 'min_samples_split': 13, 'n_estimators': 100}",0.4196257453582086,0.422145145848424,0.43447999374383495,0.4254169616501559,0.006490544802804424,120,0.515202898767958,0.4986540810301373,0.5022739237870528,0.505376967861716,0.007103403129340144
4.581231037775676,0.5693075586926644,2.2251179218292236,0.5794748174775032,20,log2,3,13,200,"{'max_depth': 20, 'max_features': 'log2', 'min_samples_leaf': 3, 'min_samples_split': 13, 'n_estimators': 200}",0.41784729042506796,0.42130333357081984,0.4319393689671339,0.4236966643210072,0.005996815458712698,126,0.5119972279790563,0.49834828940948406,0.498061461994041,0.5028023264608605,0.006502831585217473
5.7146375974019366,0.002577067765785231,0.8240006764729818,0.17750762772477832,20,log2,3,13,300,"{'max_depth': 20, 'max_features': 'log2', 'min_samples_leaf': 3, 'min_samples_split': 13, 'n_estimators': 300}",0.41790901363264754,0.4191580704813218,0.4311048265951639,0.4227239702363777,0.005948058547837819,131,0.5120014045137069,0.4966698786243333,0.4966361626516024,0.5017691485965475,0.0072353106386842635
2.3856098651885986,1.319162929445061,1.234979550043742,1.0319343724664312,20,log2,3,15,100,"{'max_depth': 20, 'max_features': 'log2', 'min_samples_leaf': 3, 'min_samples_split': 15, 'n_estimators': 100}",0.4158126622634727,0.4248601772306373,0.43173026395347736,0.42413436781586245,0.006518568880275369,122,0.5071081566633882,0.4997863271452593,0.4944161670897991,0.5004368836328155,0.005201862976642733
2.6435868740081787,0.19479088766919841,3.7535463174184165,0.11707977125198123,20,log2,3,15,200,"{'max_depth': 20, 'max_features': 'log2', 'min_samples_leaf': 3, 'min_samples_split': 15, 'n_estimators': 200}",0.41605370467075875,0.4204446303944268,0.43108653546871223,0.4225282901779659,0.00631150954052084,133,0.5067148999613924,0.4942975113605411,0.491703296710267,0.4975719026774002,0.0065512485789219884
3.559810161590576,0.2537619383903358,3.079458554585775,0.08458666244869927,20,log2,3,15,300,"{'max_depth': 20, 'max_features': 'log2', 'min_samples_leaf': 3, 'min_samples_split': 15, 'n_estimators': 300}",0.4165483073628462,0.4181393004559528,0.4298620705884997,0.42151655946909955,0.005936805068867788,139,0.5068593193577575,0.49311768658015476,0.48990109988519925,0.49662603527437055,0.007354213524233013
2.6215736071268716,0.7297651124237575,3.4372499783833823,0.5289234322600023,20,log2,4,10,100,"{'max_depth': 20, 'max_features': 'log2', 'min_samples_leaf': 4, 'min_samples_split': 10, 'n_estimators': 100}",0.4113321072032865,0.41513312705096617,0.4213599157563621,0.4159417166702049,0.004133569802929797,147,0.5006610208207318,0.48667329910515944,0.4825939557896938,0.489976091905195,0.007736753837750242
4.697229305903117,0.24665428091682287,1.6887404123942058,0.31530305187610946,20,log2,4,10,200,"{'max_depth': 20, 'max_features': 'log2', 'min_samples_leaf': 4, 'min_samples_split': 10, 'n_estimators': 200}",0.41157208235356446,0.4126679442039767,0.42242517289624404,0.41555506648459506,0.004878456031664973,148,0.5008033223868867,0.4860343913144469,0.4834302293762823,0.49008931435920533,0.007650180427630996
5.652472098668416,0.30553670876822286,1.1443397998809814,0.15001643876480766,20,log2,4,10,300,"{'max_depth': 20, 'max_features': 'log2', 'min_samples_leaf': 4, 'min_samples_split': 10, 'n_estimators': 300}",0.41263709985249486,0.41147119201953997,0.4204366463436048,0.41484831273854655,0.003980112195219615,150,0.5032396469548102,0.48414196634353934,0.4810380616327077,0.48947322497701906,0.009816460212875043
4.8124045530955,0.12819119461882408,1.0335549513498943,0.10851170692616141,20,log2,4,13,100,"{'max_depth': 20, 'max_features': 'log2', 'min_samples_leaf': 4, 'min_samples_split': 13, 'n_estimators': 100}",0.41184478603655406,0.41255614567395404,0.4297443459521185,0.41804842588754215,0.008275361734335226,145,0.4969040949601342,0.47944889939350943,0.4860311461951754,0.48746138018293966,0.007197459737624863
2.422154982884725,0.46006853489112254,2.9099957942962646,1.640626314920038,20,log2,4,13,200,"{'max_depth': 20, 'max_features': 'log2', 'min_samples_leaf': 4, 'min_samples_split': 13, 'n_estimators': 200}",0.41020875265304435,0.4093344504357814,0.42518758170294413,0.41491026159725664,0.007275922965867355,149,0.4946083443020628,0.47531940237211945,0.4806828816807024,0.48353687611829493,0.008129156716475919
5.1223658720652265,0.17113418008634884,1.9205818176269531,0.18293269177445245,20,log2,4,13,300,"{'max_depth': 20, 'max_features': 'log2', 'min_samples_leaf': 4, 'min_samples_split': 13, 'n_estimators': 300}",0.4094173989568066,0.4093183735842425,0.42246783196483106,0.4137345348352934,0.006175505948001131,152,0.4938024999648962,0.47563022411920286,0.4777479513294022,0.4823935584711671,0.008113534028182191
1.8600335915883381,0.8062787110004539,3.3052178223927817,0.5651262217268171,20,log2,4,15,100,"{'max_depth': 20, 'max_features': 'log2', 'min_samples_leaf': 4, 'min_samples_split': 15, 'n_estimators': 100}",0.4089761674370169,0.42072671550310814,0.4213718104314358,0.41702489779052027,0.005697401869518729,146,0.4909325038869795,0.4880129673629471,0.47368158192208365,0.48420901772400343,0.0075388373021064
3.9961393674214682,0.26076704322217964,2.330619732538859,0.28234022012634236,20,log2,4,15,200,"{'max_depth': 20, 'max_features': 'log2', 'min_samples_leaf': 4, 'min_samples_split': 15, 'n_estimators': 200}",0.4102774459776357,0.41368613418089595,0.42026750666533863,0.4147436956079568,0.004146416546449236,151,0.49051252150365066,0.4793429970349108,0.4727438157861754,0.48086644477491225,0.0073335937293592555
5.363132874170939,0.6655239208303261,1.409483273824056,0.36640499177866115,20,log2,4,15,300,"{'max_depth': 20, 'max_features': 'log2', 'min_samples_leaf': 4, 'min_samples_split': 15, 'n_estimators': 300}",0.40982231881463105,0.4111464772321465,0.41873467263106945,0.4132344895592823,0.003926606613523478,153,0.4905678191152273,0.47722865022962124,0.4713241848154026,0.47970688472008377,0.008049248408335425
3.9024692376454673,1.1451361547546288,1.8054146766662598,0.7755069397838926,20,log2,5,10,100,"{'max_depth': 20, 'max_features': 'log2', 'min_samples_leaf': 5, 'min_samples_split': 10, 'n_estimators': 100}",0.40613725267646017,0.4101835307619771,0.41719711831021833,0.41117263391621856,0.004569018913398801,154,0.4879691978987726,0.47297504985775785,0.46686901739288844,0.4759377550498063,0.008865198658667734
5.215876658757527,0.10627259233966742,0.5577362378438314,0.1262705621439183,20,log2,5,10,200,"{'max_depth': 20, 'max_features': 'log2', 'min_samples_leaf': 5, 'min_samples_split': 10, 'n_estimators': 200}",0.40460349594719525,0.4062068981894237,0.41753306233919096,0.4094478188252699,0.005754482119597268,156,0.4852828050997051,0.47008532907785494,0.46707949234260604,0.47414920884005535,0.007967705143239516
4.35242772102356,1.3544529280757853,3.351849635442098,1.1835059603206908,20,log2,5,10,300,"{'max_depth': 20, 'max_features': 'log2', 'min_samples_leaf': 5, 'min_samples_split': 10, 'n_estimators': 300}",0.4029277524575401,0.402855825736565,0.41532863506552187,0.4070374044198757,0.005862858948657209,160,0.4826019692492233,0.46629517368451245,0.4655012479794094,0.4714661303043817,0.00788089509554143
1.5573451519012451,0.5369581067632059,4.285948753356934,0.7958176255955256,20,log2,5,13,100,"{'max_depth': 20, 'max_features': 'log2', 'min_samples_leaf': 5, 'min_samples_split': 13, 'n_estimators': 100}",0.4023568564390394,0.4060682190837068,0.42004983261334927,0.40949163604536515,0.0076179695127683335,155,0.4790802931571486,0.46660760906707066,0.47064687697000696,0.4721115930647421,0.005196217023396478
2.777746597925822,0.1342909696222607,4.129214525222778,0.1442848034601855,20,log2,5,13,200,"{'max_depth': 20, 'max_features': 'log2', 'min_samples_leaf': 5, 'min_samples_split': 13, 'n_estimators': 200}",0.40144344801508025,0.4025802113819751,0.4175651279102556,0.40719626243577034,0.007346567731898482,159,0.4768645324762256,0.46206193549701835,0.4669600841197872,0.468628850697677,0.0061572616072851066
6.446715752283732,0.027733062463315753,1.2465797265370686,0.15509982793621163,20,log2,5,13,300,"{'max_depth': 20, 'max_features': 'log2', 'min_samples_leaf': 5, 'min_samples_split': 13, 'n_estimators': 300}",0.40039891225347735,0.3999560279147828,0.4149638499494921,0.4051062633725841,0.00697271092547191,162,0.47609804605644057,0.4591168113436337,0.4633094892342261,0.4661747822114335,0.007222557763783533
3.86533522605896,0.41404520805882883,3.07539955774943,0.4981434318156976,20,log2,5,15,100,"{'max_depth': 20, 'max_features': 'log2', 'min_samples_leaf': 5, 'min_samples_split': 15, 'n_estimators': 100}",0.39828943804892203,0.4051260247849693,0.4225573599743512,0.4086576076027475,0.010217209878233258,158,0.474340520388022,0.4623091451428162,0.4699140379660727,0.46885456783230356,0.004968591704966929
5.2955857912699384,0.28006707276444914,1.6622506777445476,0.34365993285153507,20,log2,5,15,200,"{'max_depth': 20, 'max_features': 'log2', 'min_samples_leaf': 5, 'min_samples_split': 15, 'n_estimators': 200}",0.4009620426069118,0.40547335698654396,0.41983369333278386,0.40875636430874657,0.008046465190299551,157,0.4755540429726314,0.46341512612212155,0.4665814398061273,0.46851686963362676,0.005141189359073684
5.81162150700887,0.9302036910429061,2.2854037284851074,1.6217579038676326,20,log2,5,15,300,"{'max_depth': 20, 'max_features': 'log2', 'min_samples_leaf': 5, 'min_samples_split': 15, 'n_estimators': 300}",0.4006088010896224,0.4019274412699887,0.4159056311515683,0.4061472911703931,0.006921156087074407,161,0.47555697476409875,0.4588511650298679,0.46155486716624317,0.46532100232006995,0.007321605025163448
1.771117130915324,0.3144696203767828,5.763430992762248,0.4482750563879329,30,sqrt,3,10,100,"{'max_depth': 30, 'max_features': 'sqrt', 'min_samples_leaf': 3, 'min_samples_split': 10, 'n_estimators': 100}",0.45696437013928637,0.46896369204763255,0.47537960729476936,0.46710255649389615,0.0076323045464746645,5,0.604545223253526,0.5980867282532814,0.5922427253546866,0.5982915589538313,0.005024561695621015
6.059463024139404,0.7420488737379848,3.1446824868520102,0.48176789443056905,30,sqrt,3,10,200,"{'max_depth': 30, 'max_features': 'sqrt', 'min_samples_leaf': 3, 'min_samples_split': 10, 'n_estimators': 200}",0.4598042338666838,0.46705792920411104,0.47552869091982575,0.46746361799687347,0.006425889041030629,4,0.6078532836304525,0.5950857483889231,0.5912408789240107,0.5980599703144621,0.00710058657574244
7.3007214069366455,0.14319798417551882,2.481189568837484,0.008154364234098647,30,sqrt,3,10,300,"{'max_depth': 30, 'max_features': 'sqrt', 'min_samples_leaf': 3, 'min_samples_split': 10, 'n_estimators': 300}",0.4596362178989427,0.4678741404624156,0.47589058315362387,0.4678003138383274,0.0066360221637144804,3,0.6069913964526454,0.5961860645958135,0.5915579681459333,0.5982451430647974,0.006466711190431641
4.063335498174031,0.8022156928919212,4.151823838551839,0.6904270776234194,30,sqrt,3,13,100,"{'max_depth': 30, 'max_features': 'sqrt', 'min_samples_leaf': 3, 'min_samples_split': 13, 'n_estimators': 100}",0.45677228169186024,0.4630945873715757,0.4728859195602656,0.46425092954123387,0.006628985681511367,12,0.5892746169645158,0.5807373546639767,0.5772779185262218,0.5824299633849047,0.00504175145271711
6.622234185536702,0.34165096015557095,2.4789493878682456,0.1696622046767334,30,sqrt,3,13,200,"{'max_depth': 30, 'max_features': 'sqrt', 'min_samples_leaf': 3, 'min_samples_split': 13, 'n_estimators': 200}",0.45711753638364594,0.4609548706127212,0.4743903579438127,0.4641542549800599,0.007405612124590323,13,0.5907279748344905,0.5774354640491813,0.5779936908148907,0.5820523765661876,0.006138805978647888
8.490383704503378,0.12962978602557712,1.13092041015625,0.19295542939433855,30,sqrt,3,13,300,"{'max_depth': 30, 'max_features': 'sqrt', 'min_samples_leaf': 3, 'min_samples_split': 13, 'n_estimators': 300}",0.456889158418084,0.4624891147252238,0.47345794872705327,0.4642787406234537,0.006881534408224183,11,0.5907865448031686,0.5790422423486273,0.5770536400614246,0.5822941424044069,0.006059664932488049
2.416654109954834,0.48886656560917074,2.393303155899048,0.7406260733719638,30,sqrt,3,15,100,"{'max_depth': 30, 'max_features': 'sqrt', 'min_samples_leaf': 3, 'min_samples_split': 15, 'n_estimators': 100}",0.45480558451354514,0.4617831754203645,0.46905158588485363,0.4618801152729211,0.0058163096415219115,17,0.5850051763504036,0.5714263880180185,0.5627438710009935,0.573058478456472,0.009161121414775469
3.452606121699015,0.16600802630198278,4.202366352081299,0.27293753646805635,30,sqrt,3,15,200,"{'max_depth': 30, 'max_features': 'sqrt', 'min_samples_leaf': 3, 'min_samples_split': 15, 'n_estimators': 200}",0.4545133687132662,0.46093209768430077,0.47016481020129375,0.4618700921996202,0.006424006042253519,18,0.5849351738959674,0.5689954394067002,0.5647096131162791,0.5728800754729823,0.00870195860094384
21.618765274683636,0.6117885277747991,5.17041810353597,0.0888919445031716,30,sqrt,3,15,300,"{'max_depth': 30, 'max_features': 'sqrt', 'min_samples_leaf': 3, 'min_samples_split': 15, 'n_estimators': 300}",0.45513275979017376,0.4603710697848925,0.47019128457258563,0.46189837138255063,0.006241756151558895,16,0.5834932933883592,0.5692264519832362,0.5653728962957332,0.5726975472224428,0.007794167662140919
2.7664190928141275,0.6521270225438462,3.4983542760213218,1.001511723801014,30,sqrt,4,10,100,"{'max_depth': 30, 'max_features': 'sqrt', 'min_samples_leaf': 4, 'min_samples_split': 10, 'n_estimators': 100}",0.4482728633290053,0.4543228721588295,0.4656968213838323,0.45609751895722234,0.007223139069147943,28,0.5760016605673819,0.5603572131623397,0.5633705188391285,0.5665764641896166,0.006777204332418139
16.400392691294353,0.23919528091323994,4.78398060798645,0.141553119157627,30,sqrt,4,10,200,"{'max_depth': 30, 'max_features': 'sqrt', 'min_samples_leaf': 4, 'min_samples_split': 10, 'n_estimators': 200}",0.4501939132086501,0.45398733918003864,0.4670827040914298,0.4570879854933729,0.007235022231749335,25,0.5778955822875669,0.5600796683576649,0.5637569038581489,0.5672440515011269,0.007679923884274037
21.299518982569378,0.19070985149821723,5.147158702214559,0.15337863192872875,30,sqrt,4,10,300,"{'max_depth': 30, 'max_features': 'sqrt', 'min_samples_leaf': 4, 'min_samples_split': 10, 'n_estimators': 300}",0.4504129406524152,0.45557076925241646,0.46629172125605567,0.4574251437202958,0.006613770828857977,22,0.5769370588658354,0.5627090912767163,0.5622822465205262,0.5673094655543592,0.006809966414007042
12.174858093261719,1.737255494165383,4.433687448501587,0.5147460604239932,30,sqrt,4,13,100,"{'max_depth': 30, 'max_features': 'sqrt', 'min_samples_leaf': 4, 'min_samples_split': 13, 'n_estimators': 100}",0.4453015692309311,0.4536402094118218,0.46507311702440357,0.4546716318890522,0.008104583056612408,35,0.5642868526501443,0.5557645668136904,0.5530678492103394,0.5577064228913914,0.004781534852287996
18.078882932662964,0.6838868741593347,3.1702990531921387,0.01469298434358098,30,sqrt,4,13,200,"{'max_depth': 30, 'max_features': 'sqrt', 'min_samples_leaf': 4, 'min_samples_split': 13, 'n_estimators': 200}",0.44769641383814673,0.45437823347324435,0.4663633041801676,0.4561459838305195,0.007722560229806898,27,0.566661023416063,0.5552783943458348,0.5543704597035269,0.5587699591551415,0.005592122894820814
20.583765904108684,0.7602050813771658,4.654243628184001,0.1472803679752286,30,sqrt,4,13,300,"{'max_depth': 30, 'max_features': 'sqrt', 'min_samples_leaf': 4, 'min_samples_split': 13, 'n_estimators': 300}",0.44806789227178856,0.4551584833496378,0.46591649078805,0.45638095546982543,0.007337753780376723,26,0.5669221607650548,0.5560455480049469,0.5534940858437842,0.5588205982045953,0.005822598316372743
10.819949547449747,0.9515916311217097,2.9172797997792563,0.044424980071787364,30,sqrt,4,15,100,"{'max_depth': 30, 'max_features': 'sqrt', 'min_samples_leaf': 4, 'min_samples_split': 15, 'n_estimators': 100}",0.4456479432744793,0.4548778525057864,0.4614689494934858,0.45399824842458386,0.006488776821056069,36,0.5573719250459821,0.551318857551029,0.5430687878679976,0.5505865234883363,0.005862147966266038
14.796831607818604,0.2569635236771589,6.079857508341472,0.14917191823494844,30,sqrt,4,15,200,"{'max_depth': 30, 'max_features': 'sqrt', 'min_samples_leaf': 4, 'min_samples_split': 15, 'n_estimators': 200}",0.4476977177913133,0.45411015791354925,0.46420420175516464,0.45533735915334245,0.006794385936169793,31,0.5602491335111343,0.5499876231309728,0.5472525452122952,0.5524964339514674,0.005594546490536021
22.52647789319356,0.3296084387906213,3.7932213147481284,0.17043899154768616,30,sqrt,4,15,300,"{'max_depth': 30, 'max_features': 'sqrt', 'min_samples_leaf': 4, 'min_samples_split': 15, 'n_estimators': 300}",0.44772931263344107,0.45261287626132995,0.4646724070720246,0.4550048653222652,0.007120782777167862,34,0.5605842988298063,0.548180145665041,0.5465973963447814,0.5517872802798763,0.006253901469139385
10.228766759236654,0.25358816587144445,4.891309499740601,0.07353823638206797,30,sqrt,5,10,100,"{'max_depth': 30, 'max_features': 'sqrt', 'min_samples_leaf': 5, 'min_samples_split': 10, 'n_estimators': 100}",0.44327999000679275,0.44882336259443445,0.4592352543738992,0.4504462023250421,0.00661401652298579,43,0.5562103111268206,0.5437423992054051,0.5390890094646279,0.5463472399322845,0.007228353388393889
17.98823110262553,0.2862012253682542,3.4897451400756836,0.1848702057842111,30,sqrt,5,10,200,"{'max_depth': 30, 'max_features': 'sqrt', 'min_samples_leaf': 5, 'min_samples_split': 10, 'n_estimators': 200}",0.44127098210982785,0.4491307019218902,0.4610010984814854,0.4504675941710678,0.008110069201275692,42,0.5531015027366326,0.5449268142618742,0.540477956167253,0.54616875772192,0.005227829356166005
22.97497018178304,0.36397411219986403,4.551860173543294,0.2280436765862363,30,sqrt,5,10,300,"{'max_depth': 30, 'max_features': 'sqrt', 'min_samples_leaf': 5, 'min_samples_split': 10, 'n_estimators': 300}",0.44219498488829845,0.4488920676750341,0.45872032247056893,0.44993579167796716,0.006786688706466715,46,0.5539749971073507,0.5447551914897065,0.5375113694469714,0.5454138526813429,0.006737365205030173
12.26985478401184,1.8349706190982982,3.2002325852711997,0.14470644115228865,30,sqrt,5,13,100,"{'max_depth': 30, 'max_features': 'sqrt', 'min_samples_leaf': 5, 'min_samples_split': 13, 'n_estimators': 100}",0.4427689043914905,0.4501053626814788,0.4550486807816394,0.44930764928486955,0.005044831483499513,49,0.5525813919810283,0.5413278215606645,0.5279394190539497,0.5406162108652142,0.010072619645061825
14.62937060991923,1.015125143734042,3.8322621981302896,1.096690152806174,30,sqrt,5,13,200,"{'max_depth': 30, 'max_features': 'sqrt', 'min_samples_leaf': 5, 'min_samples_split': 13, 'n_estimators': 200}",0.4421639822228556,0.4475981804812865,0.4576562503767394,0.4491394710269605,0.006417905969374473,50,0.5504822505201186,0.5368084982309935,0.5318742224755442,0.5397216570755521,0.007871024828112248
20.281589428583782,0.262930491358516,4.407713174819946,0.2097123800188002,30,sqrt,5,13,300,"{'max_depth': 30, 'max_features': 'sqrt', 'min_samples_leaf': 5, 'min_samples_split': 13, 'n_estimators': 300}",0.4417634610862672,0.4476415031566353,0.4578049306452806,0.44906996496272766,0.006626339550198491,51,0.5483176003908662,0.536902423369457,0.5327841750224014,0.5393347329275748,0.006570587150795582
9.411092281341553,0.1513460424982186,3.522767941157023,1.0223942282965703,30,sqrt,5,15,100,"{'max_depth': 30, 'max_features': 'sqrt', 'min_samples_leaf': 5, 'min_samples_split': 15, 'n_estimators': 100}",0.44027869007231035,0.44660592036326774,0.4527531555615071,0.4465459219990284,0.005092855921980226,65,0.5442819894921789,0.5350267280597774,0.5253544369205607,0.5348877181575057,0.007727766145639564
16.42080569267273,0.20752176012806464,3.60514235496521,0.09512950493530833,30,sqrt,5,15,200,"{'max_depth': 30, 'max_features': 'sqrt', 'min_samples_leaf': 5, 'min_samples_split': 15, 'n_estimators': 200}",0.4396387865394972,0.4467404741286798,0.4553060128119103,0.4472284244933624,0.006405417833706268,60,0.542748977282004,0.5348384451011005,0.527414362941082,0.5350005951080621,0.006261379971154963
21.218817551930744,0.18942695379193125,4.247474352518718,0.1020402456476415,30,sqrt,5,15,300,"{'max_depth': 30, 'max_features': 'sqrt', 'min_samples_leaf': 5, 'min_samples_split': 15, 'n_estimators': 300}",0.4400431315536403,0.4466148031920484,0.45520637247206386,0.4472881024059175,0.006208648143844004,58,0.5433546298158773,0.5338738263587672,0.5265072842297063,0.5345785801347837,0.006895929801391373
10.84493088722229,0.18173668253113767,3.584434906641642,0.12023479110904044,30,log2,3,10,100,"{'max_depth': 30, 'max_features': 'log2', 'min_samples_leaf': 3, 'min_samples_split': 10, 'n_estimators': 100}",0.43505508004465443,0.4461349740358822,0.45704578306594346,0.44607861238216007,0.008977755373501045,68,0.5612300308290561,0.5558476920574353,0.5611285272183166,0.5594020833682694,0.0025136757863929798
15.550711472829184,0.49399792366509365,3.283036549886068,0.4264313232859368,30,log2,3,10,200,"{'max_depth': 30, 'max_features': 'log2', 'min_samples_leaf': 3, 'min_samples_split': 10, 'n_estimators': 200}",0.4383399186654251,0.44269763365928017,0.45759749494492497,0.4462116824232101,0.008245199212335502,67,0.566106634885901,0.5516476818042637,0.5597581292858901,0.5591708153253516,0.00591743380869497
17.673890511194866,0.337033996707854,4.6881020069122314,0.23523294356800478,30,log2,3,10,300,"{'max_depth': 30, 'max_features': 'log2', 'min_samples_leaf': 3, 'min_samples_split': 10, 'n_estimators': 300}",0.43720879850057714,0.44251788061609465,0.4551111351222835,0.4449459380796517,0.007507552260400805,71,0.5657059966757738,0.5529578950219096,0.5560263089931776,0.5582300668969536,0.005432674946908774
8.76406995455424,0.6313567394565723,3.381647984186808,0.6858043268321906,30,log2,3,13,100,"{'max_depth': 30, 'max_features': 'log2', 'min_samples_leaf': 3, 'min_samples_split': 13, 'n_estimators': 100}",0.4368256866901,0.43944890933078484,0.45213505913734764,0.4428032183860775,0.006684946427656188,79,0.5582975698260655,0.5395656533086539,0.540968841447191,0.5462773548606368,0.008518857908560646
12.272607564926147,0.2355513004561127,3.4721500873565674,0.0968719519567121,30,log2,3,13,200,"{'max_depth': 30, 'max_features': 'log2', 'min_samples_leaf': 3, 'min_samples_split': 13, 'n_estimators': 200}",0.4406446786964814,0.4385945909189577,0.4530386198023568,0.44409262980593195,0.0063808968928611804,75,0.5627743420360148,0.5382447558385202,0.5425789738621578,0.5478660239122309,0.010689241427063133
17.29814084370931,0.16005501311029297,3.960012197494507,0.1247036897910464,30,log2,3,13,300,"{'max_depth': 30, 'max_features': 'log2', 'min_samples_leaf': 3, 'min_samples_split': 13, 'n_estimators': 300}",0.44004033200671433,0.43865119923336016,0.45151869479466344,0.44340340867824596,0.005766328932055486,77,0.5607809378699015,0.5387619196328719,0.5409775186779038,0.546840125393559,0.009899054135202172
8.005320310592651,0.10332323732931016,3.139474630355835,0.6115252573131925,30,log2,3,15,100,"{'max_depth': 30, 'max_features': 'log2', 'min_samples_leaf': 3, 'min_samples_split': 15, 'n_estimators': 100}",0.43613308797348416,0.4372532789249729,0.4470074881035112,0.44013128500065607,0.004883668960643906,88,0.5517015123514005,0.531929603038927,0.5295973901562765,0.5377428351822013,0.009916091483642205
13.6951052347819,0.04444550807973468,3.617168585459391,0.19910834865374477,30,log2,3,15,200,"{'max_depth': 30, 'max_features': 'log2', 'min_samples_leaf': 3, 'min_samples_split': 15, 'n_estimators': 200}",0.43962322853477565,0.4396238582442141,0.4491710575477269,0.44280604810890556,0.004500741343848967,78,0.555390359299117,0.5347953623359911,0.53211834070699,0.5407680207806994,0.010397153424886183
18.124093055725098,0.2559443371175807,4.160243670145671,0.4234583970927803,30,log2,3,15,300,"{'max_depth': 30, 'max_features': 'log2', 'min_samples_leaf': 3, 'min_samples_split': 15, 'n_estimators': 300}",0.4374379173986682,0.4381304594292237,0.44716008223841974,0.44090948635543725,0.0044288723384393654,86,0.551490358075055,0.53362510860871,0.5299991317401603,0.5383715328079751,0.009393778414601305
8.780644734700521,0.2717714548619022,3.6695636908213296,0.6213706167534173,30,log2,4,10,100,"{'max_depth': 30, 'max_features': 'log2', 'min_samples_leaf': 4, 'min_samples_split': 10, 'n_estimators': 100}",0.43132944222296776,0.4310292888504381,0.4388023737910651,0.43372036828815697,0.0035956091704977765,105,0.5427709529834044,0.5219930758521567,0.5196015575879906,0.528121862141184,0.010404381666063606
14.39110509554545,0.15266413711276688,2.8588553269704184,0.18274119313953702,30,log2,4,10,200,"{'max_depth': 30, 'max_features': 'log2', 'min_samples_leaf': 4, 'min_samples_split': 10, 'n_estimators': 200}",0.43203594222783914,0.4293364511088589,0.44260141658030394,0.43465793663900065,0.005723982777680771,102,0.5449364477995046,0.5206640218301711,0.5255748622414289,0.5303917772903682,0.010478220858864554
17.12572431564331,0.2542617214352304,4.669664780298869,0.35705301776504683,30,log2,4,10,300,"{'max_depth': 30, 'max_features': 'log2', 'min_samples_leaf': 4, 'min_samples_split': 10, 'n_estimators': 300}",0.42952889350954426,0.4284294571290014,0.4384915114379727,0.4321499540255061,0.004506565795253471,109,0.5404852623216168,0.5204243347934953,0.5195463896485717,0.5268186622545613,0.009670390028811494
8.80291199684143,0.6387769789308586,3.03577454884847,0.6345225955600606,30,log2,4,13,100,"{'max_depth': 30, 'max_features': 'log2', 'min_samples_leaf': 4, 'min_samples_split': 13, 'n_estimators': 100}",0.42720341588832367,0.43099050893534874,0.4388625627620003,0.43235216252855757,0.004856233234130807,108,0.5328361107851758,0.5193994953023864,0.5120706372361294,0.5214354144412305,0.008598835114284173
12.253476540247599,0.1752742749973488,3.190678596496582,0.11268078143734298,30,log2,4,13,200,"{'max_depth': 30, 'max_features': 'log2', 'min_samples_leaf': 4, 'min_samples_split': 13, 'n_estimators': 200}",0.4279436463402273,0.4279183800102533,0.4394688252643906,0.4317769505382904,0.005438986559913019,110,0.5334325428745361,0.5146742494496364,0.5128496253110066,0.5203188058783931,0.009302683728001162
16.503294626871746,0.18837459908958504,3.8579838275909424,0.060187050004711744,30,log2,4,13,300,"{'max_depth': 30, 'max_features': 'log2', 'min_samples_leaf': 4, 'min_samples_split': 13, 'n_estimators': 300}",0.42568163868056574,0.42576075865570917,0.4376387489341391,0.4296937154234713,0.005618079927451022,117,0.528867113430807,0.5122833139185361,0.5099802698012981,0.5170435657168804,0.0084132123654448
8.254170735677084,0.15741013111372973,3.1691083113352456,0.6680141426455077,30,log2,4,15,100,"{'max_depth': 30, 'max_features': 'log2', 'min_samples_leaf': 4, 'min_samples_split': 15, 'n_estimators': 100}",0.42510923019554403,0.42975415706199716,0.4373710221531233,0.4307448031368882,0.005054629576735343,112,0.526210379553532,0.5115650985464415,0.5065962192215201,0.5147905657738312,0.008325925394360723
12.973333279291788,0.24766278208003129,3.260820468266805,0.26480373177317273,30,log2,4,15,200,"{'max_depth': 30, 'max_features': 'log2', 'min_samples_leaf': 4, 'min_samples_split': 15, 'n_estimators': 200}",0.42485902055248714,0.4275677414248332,0.4390157649148506,0.4304808422973903,0.006135577682967714,114,0.5238330863874175,0.509689842660694,0.5078863037044861,0.5138030775841992,0.007130404179105988
16.68252976735433,0.06395672384661345,4.399544954299927,0.3353847843564109,30,log2,4,15,300,"{'max_depth': 30, 'max_features': 'log2', 'min_samples_leaf': 4, 'min_samples_split': 15, 'n_estimators': 300}",0.42409455117821193,0.4266664460897932,0.4387895906275162,0.42985019596517376,0.0064077163667925485,116,0.5223021821446461,0.5092102266170346,0.5085722807677577,0.5133615631764795,0.006327334582434515
8.602386474609375,0.2975636564163886,3.4056594371795654,0.469145983286658,30,log2,5,10,100,"{'max_depth': 30, 'max_features': 'log2', 'min_samples_leaf': 5, 'min_samples_split': 10, 'n_estimators': 100}",0.4168646753520042,0.42463951099456454,0.4296760849824567,0.42372675710967517,0.005269907900561327,125,0.5167807121114047,0.5051489094891188,0.49430749475817126,0.505412372119565,0.009176543792723195
12.736032247543335,0.13563109358906528,2.8010427951812744,0.11235635617698522,30,log2,5,10,200,"{'max_depth': 30, 'max_features': 'log2', 'min_samples_leaf': 5, 'min_samples_split': 10, 'n_estimators': 200}",0.41809520450280535,0.42002125119262157,0.43144353251572987,0.42318666273705224,0.005891198965087252,129,0.5157004885196871,0.49867681347863635,0.49733712854142686,0.5039048101799167,0.008358716390859762
16.58186403910319,0.2647863787948308,4.226619561513265,0.1078428541002727,30,log2,5,10,300,"{'max_depth': 30, 'max_features': 'log2', 'min_samples_leaf': 5, 'min_samples_split': 10, 'n_estimators': 300}",0.4159694158520014,0.4184413750230287,0.42950715488739655,0.4213059819208089,0.005886259370020014,140,0.5118571223584392,0.49771135536352207,0.4947683606809329,0.5014456128009647,0.007459443807437369
8.427330255508423,0.1756602610128909,3.4368512630462646,0.6758219210674915,30,log2,5,13,100,"{'max_depth': 30, 'max_features': 'log2', 'min_samples_leaf': 5, 'min_samples_split': 13, 'n_estimators': 100}",0.4193011191475392,0.42128477360228067,0.42764974384764043,0.42274521219915345,0.0035613241233387557,130,0.5108334656003233,0.49646667114864784,0.48998762311317934,0.49909591995405017,0.008710989197951284
13.259745438893637,0.04891378273605068,3.180437167485555,0.20413532363435763,30,log2,5,13,200,"{'max_depth': 30, 'max_features': 'log2', 'min_samples_leaf': 5, 'min_samples_split': 13, 'n_estimators': 200}",0.4175927628064885,0.417312081368578,0.4302731973421595,0.4217260138390753,0.006044857588283485,138,0.5091019832417616,0.4912902595064005,0.49395249863619195,0.49811491379478473,0.007844686123764223
16.313581705093384,0.5230145137590466,4.0782999992370605,0.4299153235741763,30,log2,5,13,300,"{'max_depth': 30, 'max_features': 'log2', 'min_samples_leaf': 5, 'min_samples_split': 13, 'n_estimators': 300}",0.4159966022256315,0.4162432455106053,0.4283297444987645,0.42018986407833375,0.005756645329338327,142,0.5076511224939575,0.4906839039424763,0.4910172498142691,0.4964507587502343,0.007921022276673732
8.642461458841959,0.18822293665617992,3.139162063598633,0.7314716342994279,30,log2,5,15,100,"{'max_depth': 30, 'max_features': 'log2', 'min_samples_leaf': 5, 'min_samples_split': 15, 'n_estimators': 100}",0.4161532986130242,0.4185005831952081,0.43132718797272507,0.4219936899269858,0.006668986707379354,135,0.5059344790399938,0.49025214630881153,0.4936140034257538,0.4966002095915197,0.006741511226286545
13.11860434214274,0.5236140033203087,3.0957274436950684,0.024678265274776984,30,log2,5,15,200,"{'max_depth': 30, 'max_features': 'log2', 'min_samples_leaf': 5, 'min_samples_split': 15, 'n_estimators': 200}",0.41605772350295567,0.41800930014495685,0.42961585945458325,0.42122762770083194,0.005984646289374318,141,0.505220534879504,0.48955410037788927,0.49093889864573137,0.49523784463437487,0.007081430879810564
16.1803560256958,0.24426542336317392,5.193258126576741,0.36193027692214774,30,log2,5,15,300,"{'max_depth': 30, 'max_features': 'log2', 'min_samples_leaf': 5, 'min_samples_split': 15, 'n_estimators': 300}",0.41460359054640583,0.41832532271312417,0.42760398567840874,0.42017763297931293,0.005466617381203991,143,0.5036058997674453,0.490360445196767,0.4874147345819422,0.49379369318205146,0.007041725702903941
9.447901248931885,0.17593322593852506,3.6865134239196777,0.8215681038188598,40,sqrt,3,10,100,"{'max_depth': 40, 'max_features': 'sqrt', 'min_samples_leaf': 3, 'min_samples_split': 10, 'n_estimators': 100}",0.45698793675085647,0.4668141558645239,0.47702476491981494,0.4669422858450651,0.008180502581831468,6,0.6091528711964853,0.5965117617934338,0.5973184831024531,0.6009943720307908,0.005778323360923187
15.236259619394938,0.01856198164736104,4.447086731592814,0.16240880185628276,40,sqrt,3,10,200,"{'max_depth': 40, 'max_features': 'sqrt', 'min_samples_leaf': 3, 'min_samples_split': 10, 'n_estimators': 200}",0.45886803856648295,0.4672110329263731,0.4783071767914333,0.4681287494280964,0.007962481875032559,2,0.6103065227745895,0.5982516288168089,0.5978835546617876,0.6021472354177287,0.005771443913774709
23.11189643541972,0.38377392761118717,5.3411000569661455,0.20767753938920272,40,sqrt,3,10,300,"{'max_depth': 40, 'max_features': 'sqrt', 'min_samples_leaf': 3, 'min_samples_split': 10, 'n_estimators': 300}",0.4600792635597052,0.46748053375327125,0.47847607105347834,0.4686786227888183,0.0075580947552303344,1,0.6117062292415327,0.5995539798308327,0.5978296089084505,0.6030299393269386,0.006175320168814712
9.939865986506144,0.495687278942244,4.247579256693522,0.7273715363284865,40,sqrt,3,13,100,"{'max_depth': 40, 'max_features': 'sqrt', 'min_samples_leaf': 3, 'min_samples_split': 13, 'n_estimators': 100}",0.45801082940594917,0.46510800594447765,0.473511195796392,0.4655433437156063,0.006335480975728197,7,0.5985146371689944,0.5848462186257256,0.5798073962184497,0.5877227506710566,0.007903418815141405
18.2207772731781,0.15076869390685033,4.4303750197092695,0.21102649686468403,40,sqrt,3,13,200,"{'max_depth': 40, 'max_features': 'sqrt', 'min_samples_leaf': 3, 'min_samples_split': 13, 'n_estimators': 200}",0.4570045305209194,0.4626271382260313,0.47424713473751257,0.46462626782815447,0.00717979755597064,9,0.5947353029539497,0.5817831952048738,0.5809304333189144,0.5858163104925792,0.006316281638380991
24.514988899230957,0.39080333050267974,4.567057927449544,0.4040961304624828,40,sqrt,3,13,300,"{'max_depth': 40, 'max_features': 'sqrt', 'min_samples_leaf': 3, 'min_samples_split': 13, 'n_estimators': 300}",0.4582626790014753,0.4632664800300056,0.4744394050619236,0.4653228546978015,0.006762303556701236,8,0.5961138568262292,0.582770975691357,0.5803135745679546,0.5863994690285136,0.006941983519793592
12.689078648885092,0.3854201827400208,4.180198748906453,0.13825744690905434,40,sqrt,3,15,100,"{'max_depth': 40, 'max_features': 'sqrt', 'min_samples_leaf': 3, 'min_samples_split': 15, 'n_estimators': 100}",0.45574779624998274,0.46506711819488666,0.471528733860781,0.4641145494352168,0.006477655872325053,14,0.5858907276788448,0.5784447654987968,0.5715214524319909,0.5786189818698775,0.005867525389118536
18.815200328826904,0.6407719613027723,2.95267391204834,0.22641107535979096,40,sqrt,3,15,200,"{'max_depth': 40, 'max_features': 'sqrt', 'min_samples_leaf': 3, 'min_samples_split': 15, 'n_estimators': 200}",0.4561397385589486,0.46456345770547414,0.47241490148515786,0.46437269924986024,0.006645676472211339,10,0.5873453428674875,0.5776645334144135,0.5715188586786348,0.578842911653512,0.006514641555797556
23.397772550582886,0.2734904410982071,3.9265383879343667,0.061409472589913694,40,sqrt,3,15,300,"{'max_depth': 40, 'max_features': 'sqrt', 'min_samples_leaf': 3, 'min_samples_split': 15, 'n_estimators': 300}",0.4561310108986879,0.4641583829586782,0.4715367735004822,0.46394205578594944,0.0062912361488002425,15,0.5866810664805504,0.5773873832372551,0.5698529707602306,0.577973806826012,0.006882544145016418
10.764947891235352,0.80155965302621,3.402724107106527,1.454665863063976,40,sqrt,4,10,100,"{'max_depth': 40, 'max_features': 'sqrt', 'min_samples_leaf': 4, 'min_samples_split': 10, 'n_estimators': 100}",0.45144520172308744,0.45903409478786816,0.46565143487175176,0.4587102437942358,0.005804189559741005,20,0.5859855427362357,0.5704915060603518,0.5653310838893569,0.5739360442286481,0.008776874916847869
15.546347856521606,0.23036219428157942,4.794880469640096,0.33764167280687524,40,sqrt,4,10,200,"{'max_depth': 40, 'max_features': 'sqrt', 'min_samples_leaf': 4, 'min_samples_split': 10, 'n_estimators': 200}",0.45092329656841035,0.456684192472642,0.467011954311346,0.45820648111746615,0.00665578690719343,21,0.5830081136908085,0.5679806264003808,0.5669326621632118,0.5726404674181337,0.007343506164727084
23.09173599878947,0.31052564878723,4.504130522410075,0.19169021320464047,40,sqrt,4,10,300,"{'max_depth': 40, 'max_features': 'sqrt', 'min_samples_leaf': 4, 'min_samples_split': 10, 'n_estimators': 300}",0.4514177816635947,0.45764471923881356,0.4674377938840706,0.45883343159549295,0.006593935379636902,19,0.5820509017601111,0.569433558205473,0.5663420682975516,0.5726088427543786,0.0067947865388838504
10.852001110712687,0.023199165265114848,3.8290886878967285,1.216355810722303,40,sqrt,4,13,100,"{'max_depth': 40, 'max_features': 'sqrt', 'min_samples_leaf': 4, 'min_samples_split': 13, 'n_estimators': 100}",0.44683699669278754,0.4520963344072805,0.46735356115730586,0.4554289640857913,0.008701040925745699,30,0.5680361910574699,0.5562357976416126,0.5594197548919297,0.5612305811970041,0.004984752760342575
18.28795576095581,0.35199480118939547,3.6210313638051352,0.20271517658009808,40,sqrt,4,13,200,"{'max_depth': 40, 'max_features': 'sqrt', 'min_samples_leaf': 4, 'min_samples_split': 13, 'n_estimators': 200}",0.4484865064332251,0.45450720414096935,0.4687601882504432,0.45725129960821254,0.008501101440654952,23,0.5707273930675978,0.5580118456830165,0.5600697274771647,0.5629363220759264,0.0055728095707413714
22.29114619890849,0.587772368465065,5.519684553146362,0.1340720142798196,40,sqrt,4,13,300,"{'max_depth': 40, 'max_features': 'sqrt', 'min_samples_leaf': 4, 'min_samples_split': 13, 'n_estimators': 300}",0.44887646994081287,0.4550774503811391,0.4675001506029782,0.4571513569749768,0.007743220121351336,24,0.5706195043508338,0.5579090611523065,0.5574867296359822,0.5620050983797075,0.00609374453320517
11.371648867925009,0.734605341242461,3.844494581222534,0.6093332924598778,40,sqrt,4,15,100,"{'max_depth': 40, 'max_features': 'sqrt', 'min_samples_leaf': 4, 'min_samples_split': 15, 'n_estimators': 100}",0.44937875352848666,0.4548072539884298,0.4623897775598519,0.4555252616922561,0.005335937148758801,29,0.5651492090837359,0.5510510917181799,0.5474749244127919,0.5545584084049026,0.0076298115928295366
16.080625772476196,0.41609420302524086,4.196303129196167,0.4103778735201553,40,sqrt,4,15,200,"{'max_depth': 40, 'max_features': 'sqrt', 'min_samples_leaf': 4, 'min_samples_split': 15, 'n_estimators': 200}",0.44769787392500804,0.4547840028522828,0.46352823922065645,0.45533670533264914,0.00647452579330562,32,0.562735202727483,0.551904209508851,0.5479885394024595,0.5542093172129311,0.0062370484980721255
22.513868411382038,0.09430487603525527,4.430379708607991,0.37475442643754386,40,sqrt,4,15,300,"{'max_depth': 40, 'max_features': 'sqrt', 'min_samples_leaf': 4, 'min_samples_split': 15, 'n_estimators': 300}",0.44770570478468064,0.45338289462058323,0.46423032508829454,0.45510630816451947,0.006855332947286093,33,0.5624754821887412,0.550801056071497,0.5474697217792946,0.5535820866798442,0.0064339624804548926
10.54125165939331,0.17520879070241893,3.8885538578033447,0.5497251033372978,40,sqrt,5,10,100,"{'max_depth': 40, 'max_features': 'sqrt', 'min_samples_leaf': 5, 'min_samples_split': 10, 'n_estimators': 100}",0.44269531878969615,0.4515670285971909,0.4589086564950784,0.4510570012939885,0.0066288850633522255,38,0.5578354195966164,0.5479193040289312,0.542291621416167,0.5493487816805716,0.0064257279865677355
17.157521327336628,0.23773916255881455,3.9056080977121987,0.12847837008051136,40,sqrt,5,10,200,"{'max_depth': 40, 'max_features': 'sqrt', 'min_samples_leaf': 5, 'min_samples_split': 10, 'n_estimators': 200}",0.4417637780973519,0.44961011734834266,0.4604525539022368,0.45060881644931045,0.0076622727347273175,41,0.5550748176383671,0.5454560247137392,0.5416851931461932,0.5474053451660998,0.00563739884934231
22.360777457555134,0.2999699802153693,4.348154226938884,0.1374076482626887,40,sqrt,5,10,300,"{'max_depth': 40, 'max_features': 'sqrt', 'min_samples_leaf': 5, 'min_samples_split': 10, 'n_estimators': 300}",0.4422497671373451,0.44875613730428454,0.4587800996709128,0.44992866803751413,0.006799220281662591,47,0.5553588666931257,0.544852836608346,0.5393928849945773,0.5465348627653497,0.006625710120142062
10.847904443740845,0.3178242379217922,4.08397897084554,0.7835041640849845,40,sqrt,5,13,100,"{'max_depth': 40, 'max_features': 'sqrt', 'min_samples_leaf': 5, 'min_samples_split': 13, 'n_estimators': 100}",0.44092747622060346,0.4504391281939797,0.45853568500143493,0.4499674298053393,0.007196254981804635,45,0.5503355406436934,0.5435535665663969,0.5348661340226748,0.542918413744255,0.0063313084288694225
17.263924201329548,0.39846448432258535,3.2379252910614014,0.19976328256262,40,sqrt,5,13,200,"{'max_depth': 40, 'max_features': 'sqrt', 'min_samples_leaf': 5, 'min_samples_split': 13, 'n_estimators': 200}",0.4407248289925211,0.44897836279313497,0.46036582181398167,0.4500230045332126,0.008052353984063744,44,0.5497316882367399,0.5403597145824248,0.5373727560334091,0.542488052950858,0.005265179291631667
21.464838186899822,0.261627207683976,3.989322821299235,0.2572962740797596,40,sqrt,5,13,300,"{'max_depth': 40, 'max_features': 'sqrt', 'min_samples_leaf': 5, 'min_samples_split': 13, 'n_estimators': 300}",0.4412400423513131,0.4484285382493274,0.4597306745160826,0.44979975170557435,0.007610783543549554,48,0.5496406527455158,0.53948939026102,0.5365844428276816,0.5419048286114058,0.005597136837885574
10.803793986638388,0.5510438179820403,3.560307184855143,1.139410758771781,40,sqrt,5,15,100,"{'max_depth': 40, 'max_features': 'sqrt', 'min_samples_leaf': 5, 'min_samples_split': 15, 'n_estimators': 100}",0.44088615374393914,0.44778621613663117,0.45387266611379795,0.44751501199812277,0.005305188632944297,57,0.5469634546804474,0.536969046120489,0.5257656369973247,0.5365660459327537,0.0086586633108201
14.911465883255005,0.40416183910541253,3.651999553044637,0.32347468556165115,40,sqrt,5,15,200,"{'max_depth': 40, 'max_features': 'sqrt', 'min_samples_leaf': 5, 'min_samples_split': 15, 'n_estimators': 200}",0.4401531219646727,0.4464252173017019,0.45360781365369396,0.4467287176400229,0.00549704565824074,64,0.5460079771144081,0.5351481800954317,0.5248594128836088,0.5353385233644828,0.008634914212124138
21.268885771433514,0.5691709689395469,3.445016622543335,0.3260025258831236,40,sqrt,5,15,300,"{'max_depth': 40, 'max_features': 'sqrt', 'min_samples_leaf': 5, 'min_samples_split': 15, 'n_estimators': 300}",0.44070403631382626,0.44634826201616307,0.4544646274535994,0.4471723085945296,0.00564787610236443,61,0.546186966009669,0.5340107066026241,0.5255536684671085,0.5352504470264672,0.008469000693070433
9.960721890131632,0.20895454333375743,3.6036444505055747,0.8465201353597811,40,log2,3,10,100,"{'max_depth': 40, 'max_features': 'log2', 'min_samples_leaf': 3, 'min_samples_split': 10, 'n_estimators': 100}",0.43976043745613524,0.44838314275336877,0.4564210107254777,0.44818819697832724,0.006803047273449692,53,0.5757915698184084,0.5646562110093245,0.5599498538042121,0.5667992115439816,0.006642506055060157
15.2232027053833,0.19632228818740186,3.172270139058431,0.24353668772812628,40,log2,3,10,200,"{'max_depth': 40, 'max_features': 'log2', 'min_samples_leaf': 3, 'min_samples_split': 10, 'n_estimators': 200}",0.44223384050184344,0.44612065091291253,0.4581308767681518,0.4488284560609692,0.006766490821342208,52,0.5785940283686053,0.5633118140064721,0.5618763791231032,0.5679274071660602,0.007565171257591665
18.730633974075317,0.46914111324930363,5.569857120513916,0.026135616571474153,40,log2,3,10,300,"{'max_depth': 40, 'max_features': 'log2', 'min_samples_leaf': 3, 'min_samples_split': 10, 'n_estimators': 300}",0.4408482216149213,0.4446622314027806,0.45624320509236715,0.44725121937002305,0.006546170539004826,59,0.5758804903527615,0.5609578115006673,0.5599842982101295,0.5656075333545194,0.007274941747648158
9.510587453842163,0.7767490180159471,3.6605478127797446,0.6192426691709744,40,log2,3,13,100,"{'max_depth': 40, 'max_features': 'log2', 'min_samples_leaf': 3, 'min_samples_split': 13, 'n_estimators': 100}",0.43819454265426505,0.4412488223735441,0.45334235449886684,0.44426190650889197,0.006540798010685362,74,0.562242831870535,0.5439710841634118,0.5483094026400734,0.5515077728913401,0.0077947148875089954
14.560850779215494,0.3719951319685381,3.0770862897237143,0.2043132947147149,40,log2,3,13,200,"{'max_depth': 40, 'max_features': 'log2', 'min_samples_leaf': 3, 'min_samples_split': 13, 'n_estimators': 200}",0.4415932980035965,0.44005988654095096,0.4533580674547578,0.44500375066643505,0.005940471049121803,70,0.5653588762804047,0.5423865672945353,0.5466916813443674,0.5514790416397691,0.009970652234902726
17.742526213328045,0.49507476379015963,4.4313961664835615,0.17858709616437243,40,log2,3,13,300,"{'max_depth': 40, 'max_features': 'log2', 'min_samples_leaf': 3, 'min_samples_split': 13, 'n_estimators': 300}",0.4397759346103206,0.44016172978113177,0.45350474393210993,0.4444808027745208,0.006382833487314706,73,0.5615068750111187,0.5438597517107859,0.5462275922543849,0.5505314063254299,0.007820799271297049
8.908610026041666,0.11118103908389643,3.7989351749420166,0.47636513176178735,40,log2,3,15,100,"{'max_depth': 40, 'max_features': 'log2', 'min_samples_leaf': 3, 'min_samples_split': 15, 'n_estimators': 100}",0.44103906922223957,0.43930335221093586,0.45039412244823374,0.4435788479604697,0.004870944682058266,76,0.5587340842057696,0.5369688148160014,0.5378680599711424,0.5445236529976377,0.010054996330284298
13.799885908762613,0.3593624901128899,4.045085112253825,0.16446021393460267,40,log2,3,15,200,"{'max_depth': 40, 'max_features': 'log2', 'min_samples_leaf': 3, 'min_samples_split': 15, 'n_estimators': 200}",0.4439159799088501,0.4414086819985156,0.45220790114981724,0.4458441876857277,0.004614778614593798,69,0.5632604532766338,0.540442607459575,0.5396771921001714,0.5477934176121267,0.010941308859956768
17.854771931966145,0.49052677342164247,4.360554297765096,0.0746973024237567,40,log2,3,15,300,"{'max_depth': 40, 'max_features': 'log2', 'min_samples_leaf': 3, 'min_samples_split': 15, 'n_estimators': 300}",0.4427408464632967,0.441069776451986,0.45035516772359996,0.44472193021296086,0.00404129866784832,72,0.5618462791091376,0.540682236369822,0.5372945866955545,0.5466077007248381,0.010863693232037404
8.90407395362854,0.3420326312274968,3.762115557988485,0.20312516028334407,40,log2,4,10,100,"{'max_depth': 40, 'max_features': 'log2', 'min_samples_leaf': 4, 'min_samples_split': 10, 'n_estimators': 100}",0.4282792775162406,0.4352829904062706,0.44072109698835815,0.43476112163695646,0.0050927385038883125,99,0.5404098832544066,0.5323983462327522,0.5236580828781819,0.5321554374551135,0.006841050478150799
14.091548760732016,0.3554035624491714,3.285551150639852,0.18838049992903197,40,log2,4,10,200,"{'max_depth': 40, 'max_features': 'log2', 'min_samples_leaf': 4, 'min_samples_split': 10, 'n_estimators': 200}",0.4297220419809642,0.4330984212364477,0.4435760512056012,0.435465504807671,0.005898344760690529,98,0.5431965907020155,0.5292428754915244,0.5279730954448212,0.5334708538794537,0.006896644251520822
18.03598912556966,0.518146820505795,4.565069516499837,0.20815768045547814,40,log2,4,10,300,"{'max_depth': 40, 'max_features': 'log2', 'min_samples_leaf': 4, 'min_samples_split': 10, 'n_estimators': 300}",0.42921172006640007,0.43057829735309716,0.4381668303856304,0.4326522826017092,0.003939082914925909,106,0.542070302111914,0.5255426188697987,0.5208116812100331,0.5294748673972486,0.009113329963070427
8.632133483886719,0.50861942393479,3.248966852823893,0.3546063191866703,40,log2,4,13,100,"{'max_depth': 40, 'max_features': 'log2', 'min_samples_leaf': 4, 'min_samples_split': 13, 'n_estimators': 100}",0.4277732827954226,0.4346123775082873,0.44027061094774855,0.43421875708381946,0.005109599169905497,103,0.5359087935100261,0.5258899832755219,0.5149800073925284,0.5255929280593588,0.008546722702848484
13.817861636479696,0.17112401647965947,3.7814412117004395,0.19598595011932632,40,log2,4,13,200,"{'max_depth': 40, 'max_features': 'log2', 'min_samples_leaf': 4, 'min_samples_split': 13, 'n_estimators': 200}",0.42761580985296377,0.43286236457113636,0.44093804373660916,0.4338054060535697,0.005479505716201661,104,0.535623993165603,0.5232064180409386,0.5164335802672786,0.5250879971579401,0.00794662367642999
18.302154858907063,0.2590294405002197,3.663954734802246,0.077524551988496,40,log2,4,13,300,"{'max_depth': 40, 'max_features': 'log2', 'min_samples_leaf': 4, 'min_samples_split': 13, 'n_estimators': 300}",0.4273490885793797,0.43064251322788394,0.43959501582663774,0.43252887254463374,0.005174259827273264,107,0.5335259273410113,0.5207396831275533,0.5145508785412118,0.5229388296699254,0.007901067580811
9.1128302415212,0.14594390946258387,3.8392070134480796,0.5998105665548408,40,log2,4,15,100,"{'max_depth': 40, 'max_features': 'log2', 'min_samples_leaf': 4, 'min_samples_split': 15, 'n_estimators': 100}",0.4211166659719613,0.4324358492498288,0.43835102105304313,0.4306345120916111,0.007150261553882013,113,0.523135680454482,0.5162796055319245,0.5085927632865879,0.5160026830909982,0.005940349286406983
15.071228901545206,0.37413300422529205,2.803416093190511,0.09276372034998723,40,log2,4,15,200,"{'max_depth': 40, 'max_features': 'log2', 'min_samples_leaf': 4, 'min_samples_split': 15, 'n_estimators': 200}",0.4249359454465522,0.42904364211395873,0.43831047854408967,0.4307633553682002,0.005593901092671761,111,0.5260138736716085,0.5133835653482963,0.5074897350877614,0.5156290580358888,0.007727336998212514
18.114251772562664,0.4457376876337688,4.416194756825765,0.04244747782323103,40,log2,4,15,300,"{'max_depth': 40, 'max_features': 'log2', 'min_samples_leaf': 4, 'min_samples_split': 15, 'n_estimators': 300}",0.42347469915543934,0.4270671032368273,0.43958793779877225,0.43004324673034633,0.006906624234011912,115,0.5228619684655713,0.5112861277049292,0.5107205927925365,0.5149562296543456,0.005594967205609789
9.384846925735474,1.118467274825701,3.178701639175415,1.0884885996316374,40,log2,5,10,100,"{'max_depth': 40, 'max_features': 'log2', 'min_samples_leaf': 5, 'min_samples_split': 10, 'n_estimators': 100}",0.42229823669900324,0.42433218787141724,0.4251891353795384,0.42393985331665296,0.0012123719444203987,124,0.5245926151129907,0.5062838389497215,0.48939458899642263,0.506757014353045,0.014373428768561914
12.854574203491211,0.1158878691651344,3.0735692183176675,0.09835135486503291,40,log2,5,10,200,"{'max_depth': 40, 'max_features': 'log2', 'min_samples_leaf': 5, 'min_samples_split': 10, 'n_estimators': 200}",0.41965722252141135,0.4215311928411287,0.42949970461643006,0.42356270665965673,0.004267231713405742,127,0.5191419005290479,0.5027342715015148,0.496773721073582,0.5062166310347149,0.009457941424250606
16.728353261947632,0.15801411325296738,3.9957624276479087,0.09510294482982984,40,log2,5,10,300,"{'max_depth': 40, 'max_features': 'log2', 'min_samples_leaf': 5, 'min_samples_split': 10, 'n_estimators': 300}",0.4173291622813653,0.41989847383006385,0.4285136900754397,0.42191377539562297,0.0047832691606065495,137,0.5148637210545761,0.5007043392391938,0.4955161630644601,0.50369474111941,0.008176750683049511
8.867735465367636,0.37582882668796697,2.860316356023153,0.9474609466312667,40,log2,5,13,100,"{'max_depth': 40, 'max_features': 'log2', 'min_samples_leaf': 5, 'min_samples_split': 13, 'n_estimators': 100}",0.4190680440003721,0.4189159147603394,0.43013617148557093,0.4227067100820941,0.005253789640867602,132,0.5132895425432091,0.49394388701809266,0.4930459783296246,0.5000931359636421,0.009338465968353188
12.63985546429952,0.2191859274715101,3.0882581075032554,0.038288414558465864,40,log2,5,13,200,"{'max_depth': 40, 'max_features': 'log2', 'min_samples_leaf': 5, 'min_samples_split': 13, 'n_estimators': 200}",0.41814669316940356,0.4168701129211657,0.4312696060887051,0.4220954707264248,0.006507994264319821,134,0.5111027198224996,0.49148637932321737,0.49434597948810177,0.49897835954460623,0.008652337348442125
16.186578114827473,0.4471190668626549,3.557122548421224,0.10452422915240249,40,log2,5,13,300,"{'max_depth': 40, 'max_features': 'log2', 'min_samples_leaf': 5, 'min_samples_split': 13, 'n_estimators': 300}",0.41676546280994065,0.4145337265522938,0.4285574719504236,0.4199522204375527,0.006152664836245034,144,0.510031308014355,0.48995159200744764,0.49097898405915874,0.49698729469365377,0.009233041977591606
8.325862566630045,0.3033303881665062,3.0773717562357583,0.3375952288318781,40,log2,5,15,100,"{'max_depth': 40, 'max_features': 'log2', 'min_samples_leaf': 5, 'min_samples_split': 15, 'n_estimators': 100}",0.4170312631695505,0.42259789140906245,0.4327081420968978,0.4241124322251702,0.00648904248912059,123,0.5083776708925503,0.4964063564532031,0.4961832025900671,0.5003224099786068,0.005696658125921249
11.442377169926962,0.3191439633915331,1.8977173964182537,0.032533368919424134,40,log2,5,15,200,"{'max_depth': 40, 'max_features': 'log2', 'min_samples_leaf': 5, 'min_samples_split': 15, 'n_estimators': 200}",0.41731196783677427,0.42120834193089507,0.43202255859540195,0.4235142894543571,0.006222990470970049,128,0.5085419479673894,0.4950552075784286,0.4944775359786836,0.4993582305081672,0.006498149782689681
12.824332316716513,0.4847490739155913,0.7701504230499268,0.16743229087647699,40,log2,5,15,300,"{'max_depth': 40, 'max_features': 'log2', 'min_samples_leaf': 5, 'min_samples_split': 15, 'n_estimators': 300}",0.4151918893508231,0.41953677526256494,0.4310579877661649,0.42192888412651763,0.006694520562573482,136,0.5058994395409369,0.4931918255657778,0.4930571139310086,0.49738279301257443,0.006022429624491907
